{"train_loss": 0.6015431523323059, "train_ssim": 0.42799994548161824, "train_ms_ssim": 0.5357388993104298, "val_loss": 0.882173498471578, "val_ssim": 0.2283836156129837, "val_ms_ssim": 0.3762494424978892, "_timestamp": 1702013338.0454333, "_runtime": 279.23400235176086, "_step": 0}