{"train_loss": 0.6004148483276367, "train_ssim": 0.4292865216732025, "train_ms_ssim": 0.5370987733205159, "val_loss": 0.8867965936660767, "val_ssim": 0.231176088253657, "val_ms_ssim": 0.37784846623738605, "_timestamp": 1702012412.2573066, "_runtime": 269.6732106208801, "_step": 0}